-- InsertCompanies

INSERT INTO "public"."companies" ("id","name","initials","created_at","updated_at")
VALUES
('b973f87a-a7d0-4e14-b295-97326f5476a1','Secretaria Extraordinária de Políticas para as Mulheres','SEPM','2023-03-27 12:50:41.497 UTC','2023-03-27 12:50:41.497 UTC'),
(gen_random_uuid(),'Secretaria de Estado de Trabalho e Empreendedorismo','SETE','2023-03-27 12:50:41.497 UTC','2023-03-27 12:50:41.497 UTC'),
(gen_random_uuid(),'Secretaria de Estado de Educação','SEED','2023-03-27 12:50:41.497 UTC','2023-03-27 12:50:41.497 UTC'),
(gen_random_uuid(),'Secretaria de Estado de Inclusão e Mobilização Social','SIMS','2023-03-27 12:50:41.497 UTC','2023-03-27 12:50:41.497 UTC'),
(gen_random_uuid(),'Secretaria de Estado de Saúde','SESA','2023-03-27 12:50:41.497 UTC','2023-03-27 12:50:41.497 UTC'),
(gen_random_uuid(),'Hospital de Emergência', 'Pronto Socorro','2023-03-27 12:50:41.497 UTC','2023-03-27 12:50:41.497 UTC'),
(gen_random_uuid(),'Hospital da Mulher Mães Luzia','HMML','2023-03-27 12:50:41.497 UTC','2023-03-27 12:50:41.497 UTC'),
(gen_random_uuid(),'Hospital das Clínicas Alberto Lima','HCAL','2023-03-27 12:50:41.497 UTC','2023-03-27 12:50:41.497 UTC'),
(gen_random_uuid(),'Coordenadoria de DST','AIDS e Hepatites Virais','2023-03-27 12:50:41.497 UTC','2023-03-27 12:50:41.497 UTC'),
(gen_random_uuid(),'Centro de Referência em Práticas Integrativas e Complementares do Amapá','CRPIC','2023-03-27 12:50:41.497 UTC','2023-03-27 12:50:41.497 UTC'),
(gen_random_uuid(),'Centro de Reabilitação do Amapá','CREAP','2023-03-27 12:50:41.497 UTC','2023-03-27 12:50:41.497 UTC'),
(gen_random_uuid(),'Secretaria de Estado da Justiça e Segurança Pública','SEJUSP','2023-03-27 12:50:41.497 UTC','2023-03-27 12:50:41.497 UTC'),
(gen_random_uuid(),'Delegacia Geral da Polícia Civil','DGPC','2023-03-27 12:50:41.497 UTC','2023-03-27 12:50:41.497 UTC'),
(gen_random_uuid(),'Delegacias Especializadas de Crimes contra a Mulher Vítima de Violência Doméstica e Familiar','DCCM’s','2023-03-27 12:50:41.497 UTC','2023-03-27 12:50:41.497 UTC'),
(gen_random_uuid(),'Centro de Referência e Atendimento à Mulher','CRAM','2023-03-27 12:50:41.497 UTC','2023-03-27 12:50:41.497 UTC'),
(gen_random_uuid(),'Centro de Atendimento à Mulher e à Família','CAMUF','2023-03-27 12:50:41.497 UTC','2023-03-27 12:50:41.497 UTC'),
(gen_random_uuid(),'Centro de Referência em Atendimento à Mulher','CRAM','2023-03-27 12:50:41.497 UTC','2023-03-27 12:50:41.497 UTC'),
(gen_random_uuid(),'Polícia Militar do Estado do Amapá','PMAP','2023-03-27 12:50:41.497 UTC','2023-03-27 12:50:41.497 UTC'),
(gen_random_uuid(),'Polícia Técnico Científica do Amapá','POLITEC','2023-03-27 12:50:41.497 UTC','2023-03-27 12:50:41.497 UTC'),
(gen_random_uuid(),'Instituto de Administração Penitenciária Feminina','IAPEN','2023-03-27 12:50:41.497 UTC','2023-03-27 12:50:41.497 UTC'),
(gen_random_uuid(),'Centro Integrado Operações de Defesa Social','CIODES','2023-03-27 12:50:41.497 UTC','2023-03-27 12:50:41.497 UTC'),
(gen_random_uuid(),'Corpo de Bombeiros Militar do Estado do Amapá','CBMAP','2023-03-27 12:50:41.497 UTC','2023-03-27 12:50:41.497 UTC'),
(gen_random_uuid(),'Agencia de Desenvolvimento Econômico do Amapá','AGENCIA','2023-03-27 12:50:41.497 UTC','2023-03-27 12:50:41.497 UTC'),
(gen_random_uuid(),'Secretaria de Estado do Desenvolvimento das Cidades','SDC','2023-03-27 12:50:41.497 UTC','2023-03-27 12:50:41.497 UTC'),
(gen_random_uuid(),'Centro de Atenção Psicossocial','CAPS','2023-03-27 12:50:41.497 UTC','2023-03-27 12:50:41.497 UTC'),
(gen_random_uuid(),'Centro de Atenção Psicossocial para Álcool e Outras Drogas','CAPS AD','2023-03-27 12:50:41.497 UTC','2023-03-27 12:50:41.497 UTC'),
(gen_random_uuid(),'Defensoria Pública Geral do Estado do Amapá','DPE','2023-03-27 12:50:41.497 UTC','2023-03-27 12:50:41.497 UTC'),
(gen_random_uuid(),'Secretaria Extraordinária de Políticas Públicas para os Afrodescendentes','SEAFRO','2023-03-27 12:50:41.497 UTC','2023-03-27 12:50:41.497 UTC'),
(gen_random_uuid(),'Secretaria Extraordinária Povos Indígenas','SEPI','2023-03-27 12:50:41.497 UTC','2023-03-27 12:50:41.497 UTC'),
(gen_random_uuid(),'Secretaria Extraordinária de Políticas para a Juventude','SEJUV','2023-03-27 12:50:41.497 UTC','2023-03-27 12:50:41.497 UTC'),
(gen_random_uuid(),'Promotoria de Defesa da Mulher','Promotoria de Defesa da Mulher','2023-03-27 12:50:41.497 UTC','2023-03-27 12:50:41.497 UTC'),
(gen_random_uuid(),'Agência de Defesa e Inspeção Agropecuária do Amapá','Agência de Defesa e Inspeção Agropecuária do Amapá','2023-03-27 12:50:41.497 UTC','2023-03-27 12:50:41.497 UTC'),
(gen_random_uuid(),'Agência de Fomento do Amapá','AFAP','2023-03-27 12:50:41.497 UTC','2023-03-27 12:50:41.497 UTC'),
(gen_random_uuid(),'Centro de Gestão da Tecnologia da informação','PRODAP','2023-03-27 12:50:41.497 UTC','2023-03-27 12:50:41.497 UTC'),
(gen_random_uuid(),'Escola de Administração Pública','EAP','2023-03-27 12:50:41.497 UTC','2023-03-27 12:50:41.497 UTC'),
(gen_random_uuid(),'Fundação da Criança e do Adolescente do Estado do Amapá','FCRIA','2023-03-27 12:50:41.497 UTC','2023-03-27 12:50:41.497 UTC'),
(gen_random_uuid(),'Instituto de Desenvolvimento Rural do Estado do Amapá','Rurap','2023-03-27 12:50:41.497 UTC','2023-03-27 12:50:41.497 UTC'),
(gen_random_uuid(),'Instituto de Terras do Estado do Amapá','Amapá Terras','2023-03-27 12:50:41.497 UTC','2023-03-27 12:50:41.497 UTC'),
(gen_random_uuid(),'Laboratório Central de Saúde Pública','LACEM','2023-03-27 12:50:41.497 UTC','2023-03-27 12:50:41.497 UTC'),
(gen_random_uuid(),'Rádio Difusora de Macapá','Difusora','2023-03-27 12:50:41.497 UTC','2023-03-27 12:50:41.497 UTC'),
(gen_random_uuid(),'Secretaria de Estado da Ciência e Tecnologia','CTEC','2023-03-27 12:50:41.497 UTC','2023-03-27 12:50:41.497 UTC'),
(gen_random_uuid(),'Secretaria de Estado da Comunicação','SECOM','2023-03-27 12:50:41.497 UTC','2023-03-27 12:50:41.497 UTC'),
(gen_random_uuid(),'Secretaria de Estado da Cultura','SECULT','2023-03-27 12:50:41.497 UTC','2023-03-27 12:50:41.497 UTC'),
(gen_random_uuid(),'Secretaria de Estado de Transporte','SETRAP','2023-03-27 12:50:41.497 UTC','2023-03-27 12:50:41.497 UTC'),
(gen_random_uuid(),'Secretaria de Estado do Desenvolvimento Rural','SDR','2023-03-27 12:50:41.497 UTC','2023-03-27 12:50:41.497 UTC'),
(gen_random_uuid(),'Secretaria de Estado do Desporto e Lazer','SEDEL','2023-03-27 12:50:41.497 UTC','2023-03-27 12:50:41.497 UTC'),
(gen_random_uuid(),'Secretaria de Estado do Turismo','SECULT','2023-03-27 12:50:41.497 UTC','2023-03-27 12:50:41.497 UTC'),
(gen_random_uuid(),'Secretaria Extraordinária de Representação do Governo do Estado do Amapá em Brasília','Secretaria Extraordinária de Representação do Governo do Estado do Amapá em Brasília','2023-03-27 12:50:41.497 UTC','2023-03-27 12:50:41.497 UTC'),
(gen_random_uuid(),'Sistema Integrado do Atendimento ao Cidadão','SIAC','2023-03-27 12:50:41.497 UTC','2023-03-27 12:50:41.497 UTC'),
(gen_random_uuid(),'Universidade do Estado do Amapá','UEAP','2023-03-27 12:50:41.497 UTC','2023-03-27 12:50:41.497 UTC');

-- InsertUsers

INSERT INTO "public"."users" ("id","email","role","password_hashed","company_id","created_at","updated_at")
VALUES
('977e22e0-4c36-4fbc-b394-3456c16492e0', 'master@master.com','MASTER','$2a$10$WC4znjUbRFWfc1uOXorKxecXmZv8bgtQ2EG.Jf4yk8ROdrgluCe8O',null,'2023-03-27 12:47:53.671 UTC','2023-03-27 12:47:53.671 UTC'),
('a8164d83-b66c-435a-be84-8f5c981fa222', 'sepm@sepm.com','ADMIN','$2a$10$5v2q6wVGh.5AohpmP8GTXO8Mk0lBsb1sDUZXE.hPdzNtJ0v/flopS','b973f87a-a7d0-4e14-b295-97326f5476a1','2023-03-27 12:47:53.671 UTC','2023-03-27 12:47:53.671 UTC');

-- InsertForms

INSERT INTO "public"."forms" ("id","name","created_at","updated_at","company_id","author_id","author_draft","status")
VALUES
('0bf3c2d3-0250-4b97-9be6-f3fb71dd6d46','FICHA UNIFICADA DOS CENTROS','2023-03-27 13:45:04.238 UTC','2023-03-27 13:45:04.238 UTC','b973f87a-a7d0-4e14-b295-97326f5476a1','a8164d83-b66c-435a-be84-8f5c981fa222','{"id":"a8164d83-b66c-435a-be84-8f5c981fa222","email":"sepm@sepm.com","updatedAt":"2023-03-27T12:47:53.671Z"}','PUBLISHED'),
('019da226-2d07-4a02-aa0e-bfa403026a2c','FICHA DE REACOLHIMENTO','2023-03-27 13:48:22.181 UTC','2023-03-27 13:48:22.181 UTC','b973f87a-a7d0-4e14-b295-97326f5476a1','a8164d83-b66c-435a-be84-8f5c981fa222','{"id":"a8164d83-b66c-435a-be84-8f5c981fa222","email":"sepm@sepm.com","updatedAt":"2023-03-27T12:47:53.671Z"}','PUBLISHED');

-- InsertQuestions

INSERT INTO "public"."questions" ("id","content","created_at","updated_at","form_id","type")
VALUES ('10560e8a-97d7-4c5f-a091-0041d447fb3e','PROCEDENCIA','2023-03-27 14:01:58.894 UTC','2023-03-27 14:01:58.894 UTC','019da226-2d07-4a02-aa0e-bfa403026a2c','OBJECTIVE');

INSERT INTO "public"."answers" ("id","content","created_at","updated_at","question_id")
VALUES
('259b3313-0169-4562-92f1-e78cd51479da','Espontânea','2023-03-27 14:01:58.894 UTC','2023-03-27 14:01:58.894 UTC','10560e8a-97d7-4c5f-a091-0041d447fb3e'),
('d232f6c3-e171-44aa-a7b8-52e66506c3fd','Visita domiciliar','2023-03-27 14:01:58.894 UTC','2023-03-27 14:01:58.894 UTC','10560e8a-97d7-4c5f-a091-0041d447fb3e'),
('32b6b0ec-9b6b-48d6-841d-a25a6b36d4f2','Online','2023-03-27 14:01:58.894 UTC','2023-03-27 14:01:58.894 UTC','10560e8a-97d7-4c5f-a091-0041d447fb3e'),
('81675166-25f8-4ead-9da9-b28759751cef','Busca Ativa','2023-03-27 14:01:58.894 UTC','2023-03-27 14:01:58.894 UTC','10560e8a-97d7-4c5f-a091-0041d447fb3e');

-- InsertQuestions

INSERT INTO "public"."questions" ("id","content","created_at","updated_at","form_id","type")
VALUES
('91522e31-c68e-4b3f-b2f7-3096a6ee156d','AUTOR (A) DA VIOLÊNCIA','2023-03-28 11:27:14.328 UTC','2023-03-28 11:27:14.328 UTC','019da226-2d07-4a02-aa0e-bfa403026a2c','OBJECTIVE');

INSERT INTO "public"."answers" ("id","content","created_at","updated_at","question_id")
VALUES
('68f4a826-1fa7-4749-9309-ff8c1bf81a58','Marido/Esposa','2023-03-28 11:27:14.328 UTC','2023-03-28 11:27:14.328 UTC','91522e31-c68e-4b3f-b2f7-3096a6ee156d'),
('015315f5-4595-4a5e-8ab6-84899cd53262','Namorado (a)','2023-03-28 11:27:14.328 UTC','2023-03-28 11:27:14.328 UTC','91522e31-c68e-4b3f-b2f7-3096a6ee156d'),
('de0f3fd7-33a5-431e-8105-75cae2defb7d','Companheiro (a)','2023-03-28 11:27:14.328 UTC','2023-03-28 11:27:14.328 UTC','91522e31-c68e-4b3f-b2f7-3096a6ee156d'),
('69a8f6ff-07e5-4908-90d9-28014eec872c','Ex-Marido/Ex-Esposa','2023-03-28 11:27:14.328 UTC','2023-03-28 11:27:14.328 UTC','91522e31-c68e-4b3f-b2f7-3096a6ee156d'),
('9d3a8b35-9219-4258-ac18-3bf2766dc1dd','Ex-Namorado (a)','2023-03-28 11:27:14.328 UTC','2023-03-28 11:27:14.328 UTC','91522e31-c68e-4b3f-b2f7-3096a6ee156d'),
('1120951d-e1a4-4720-98b5-667148c5d93d','Ex-Companheiro (a)','2023-03-28 11:27:14.328 UTC','2023-03-28 11:27:14.328 UTC','91522e31-c68e-4b3f-b2f7-3096a6ee156d'),
('d31c4e72-3a61-47b5-a014-7d7f9c21161c','Pai/Mãe','2023-03-28 11:27:14.328 UTC','2023-03-28 11:27:14.328 UTC','91522e31-c68e-4b3f-b2f7-3096a6ee156d'),
('318bab48-039f-40d6-8edd-79318af68bed','Filho (a)','2023-03-28 11:27:14.328 UTC','2023-03-28 11:27:14.328 UTC','91522e31-c68e-4b3f-b2f7-3096a6ee156d'),
('036ad2d2-a739-4528-af91-868fc434b4aa','Irmão (a)','2023-03-28 11:27:14.328 UTC','2023-03-28 11:27:14.328 UTC','91522e31-c68e-4b3f-b2f7-3096a6ee156d');

-- InsertQuestions

INSERT INTO "public"."questions" ("id","content","created_at","updated_at","form_id","type")
VALUES
('d7eeeefe-a59f-42f1-9b59-17e44e615a14','TIPOLOGIA DA VIOLÊNCIA','2023-03-28 11:34:45.357 UTC','2023-03-28 11:34:45.357 UTC','019da226-2d07-4a02-aa0e-bfa403026a2c','OBJECTIVE');

INSERT INTO "public"."answers" ("id","content","created_at","updated_at","question_id")
VALUES
('cfd45254-cbcd-4b00-a8c7-868ac14679f8','Física','2023-03-28 11:34:45.357 UTC','2023-03-28 11:34:45.357 UTC','d7eeeefe-a59f-42f1-9b59-17e44e615a14'),
('3ea35cd0-a13e-4320-8510-022615a51572','Psicológica / Emocional','2023-03-28 11:34:45.357 UTC','2023-03-28 11:34:45.357 UTC','d7eeeefe-a59f-42f1-9b59-17e44e615a14'),
('8774b3d0-2382-4f9e-bd78-dd8c9cd8611d','Sexual','2023-03-28 11:34:45.357 UTC','2023-03-28 11:34:45.357 UTC','d7eeeefe-a59f-42f1-9b59-17e44e615a14'),
('e244505a-5f0e-4c3b-bf74-06a18927403c','Patrimonial','2023-03-28 11:34:45.357 UTC','2023-03-28 11:34:45.357 UTC','d7eeeefe-a59f-42f1-9b59-17e44e615a14'),
('3485ecad-6236-4da6-9e5c-486eeb67ba6b','Moral','2023-03-28 11:34:45.357 UTC','2023-03-28 11:34:45.357 UTC','d7eeeefe-a59f-42f1-9b59-17e44e615a14'),
('87662717-17ac-4625-a86c-c5f0404b3834','Institucional','2023-03-28 11:34:45.357 UTC','2023-03-28 11:34:45.357 UTC','d7eeeefe-a59f-42f1-9b59-17e44e615a14'),
('cce38b42-4d56-48a0-8e0e-79b86deb5011','Virtual','2023-03-28 11:34:45.357 UTC','2023-03-28 11:34:45.357 UTC','d7eeeefe-a59f-42f1-9b59-17e44e615a14');

-- InsertQuestions

INSERT INTO "public"."questions" ("id","content","created_at","updated_at","form_id","parent_id","type")
VALUES
('5f4ffe98-79a1-450d-a6c8-a290ac8834c0','Vínculo com o Agressor','2023-03-28 11:39:58.111 UTC','2023-03-28 11:39:58.111 UTC','019da226-2d07-4a02-aa0e-bfa403026a2c','d7eeeefe-a59f-42f1-9b59-17e44e615a14','OBJECTIVE');

INSERT INTO "public"."answers" ("id","content","created_at","updated_at","question_id")
VALUES
('50a05f3f-7146-4f97-93bb-8656b82e93f9','Cônjuge/Companheiro/Namorado','2023-03-28 11:39:58.111 UTC','2023-03-28 11:39:58.111 UTC','5f4ffe98-79a1-450d-a6c8-a290ac8834c0'),
('146a1220-1b5d-4917-8748-2a73dd1052c9','Ex Cônjuge/Companheiro/Namorado','2023-03-28 11:39:58.111 UTC','2023-03-28 11:39:58.111 UTC','5f4ffe98-79a1-450d-a6c8-a290ac8834c0'),
('8ded5284-0e50-4e84-8d9a-1fcbf723baa7','Empregador','2023-03-28 11:39:58.111 UTC','2023-03-28 11:39:58.111 UTC','5f4ffe98-79a1-450d-a6c8-a290ac8834c0'),
('5e7b69f2-f5b3-4c9d-bd41-6bcf1b9e0548','Familiar','2023-03-28 11:39:58.111 UTC','2023-03-28 11:39:58.111 UTC','5f4ffe98-79a1-450d-a6c8-a290ac8834c0'),
('21333a89-b2a3-4b00-9644-14c04d9bc36c','Sem vínculo','2023-03-28 11:39:58.111 UTC','2023-03-28 11:39:58.111 UTC','5f4ffe98-79a1-450d-a6c8-a290ac8834c0');

-- InsertQuestions

INSERT INTO "public"."questions" ("id","content","created_at","updated_at","form_id","parent_id","type")
VALUES
('c354b28b-37cd-4f39-8b0a-50d9c1483a92','Ocorreu outras vezes','2023-03-28 11:46:19.175 UTC','2023-03-28 11:46:19.175 UTC','019da226-2d07-4a02-aa0e-bfa403026a2c','d7eeeefe-a59f-42f1-9b59-17e44e615a14','OBJECTIVE');

INSERT INTO "public"."answers" ("id","content","created_at","updated_at","question_id")
VALUES
('57bcfe9b-35a6-4041-b5e3-53cdce1a59cc','Sim','2023-03-28 11:46:19.175 UTC','2023-03-28 11:46:19.175 UTC','c354b28b-37cd-4f39-8b0a-50d9c1483a92'),
('cc03a7da-f8f5-4aec-88d6-59c9d819b8f3','Não','2023-03-28 11:46:19.175 UTC','2023-03-28 11:46:19.175 UTC','c354b28b-37cd-4f39-8b0a-50d9c1483a92');

-- InsertQuestions

INSERT INTO "public"."questions" ("id","content","created_at","updated_at","form_id","parent_id","type")
VALUES
('d39d4383-c0c0-4120-b881-b8221118e238','Com o mesmo agressor','2023-03-28 11:49:24.372 UTC','2023-03-28 11:49:24.372 UTC','019da226-2d07-4a02-aa0e-bfa403026a2c','d7eeeefe-a59f-42f1-9b59-17e44e615a14','OBJECTIVE');

INSERT INTO "public"."answers" ("id","content","created_at","updated_at","question_id")
VALUES
('d017eda4-d477-4ab7-9851-7b83bde11dfb','Sim','2023-03-28 11:49:24.372 UTC','2023-03-28 11:49:24.372 UTC','d39d4383-c0c0-4120-b881-b8221118e238'),
('a46b2e95-36a0-4a63-af42-e4ec7cab33cc','Não','2023-03-28 11:49:24.372 UTC','2023-03-28 11:49:24.372 UTC','d39d4383-c0c0-4120-b881-b8221118e238');

-- InsertQuestions

INSERT INTO "public"."questions" ("id","content","created_at","updated_at","form_id","parent_id","type")
VALUES
('77d5c3b3-cf81-4c61-977b-a765c6b3093a','Local de Ocorrência','2023-03-28 11:54:40.869 UTC','2023-03-28 11:54:40.869 UTC','019da226-2d07-4a02-aa0e-bfa403026a2c','d7eeeefe-a59f-42f1-9b59-17e44e615a14','OBJECTIVE');

INSERT INTO "public"."answers" ("id","content","created_at","updated_at","question_id")
VALUES
('4e839afa-3a85-455a-a550-83e44e4fb22a','Residência','2023-03-28 11:54:40.869 UTC','2023-03-28 11:54:40.869 UTC','77d5c3b3-cf81-4c61-977b-a765c6b3093a'),
('bd1953d9-c7ee-4708-a573-cb83dab4b9f8','Trabalho','2023-03-28 11:54:40.869 UTC','2023-03-28 11:54:40.869 UTC','77d5c3b3-cf81-4c61-977b-a765c6b3093a'),
('6f007470-1432-4a4c-849d-864c5594b853','Via Pública','2023-03-28 11:54:40.869 UTC','2023-03-28 11:54:40.869 UTC','77d5c3b3-cf81-4c61-977b-a765c6b3093a'),
('8f672f83-cebb-4b60-95c9-fecf9d595933','Escola','2023-03-28 11:54:40.869 UTC','2023-03-28 11:54:40.869 UTC','77d5c3b3-cf81-4c61-977b-a765c6b3093a'),
('363a4ae8-345b-46b0-9fd5-252e56960ccd','Habitação coletiva','2023-03-28 11:54:40.869 UTC','2023-03-28 11:54:40.869 UTC','77d5c3b3-cf81-4c61-977b-a765c6b3093a'),
('f500c8f5-b936-459f-8858-398451aeadf5','Bar ou similar','2023-03-28 11:54:40.869 UTC','2023-03-28 11:54:40.869 UTC','77d5c3b3-cf81-4c61-977b-a765c6b3093a'),
('f612d449-0a28-46ad-8dae-1ae304285163','Comércio/serviços','2023-03-28 11:54:40.869 UTC','2023-03-28 11:54:40.869 UTC','77d5c3b3-cf81-4c61-977b-a765c6b3093a'),
('d4d4d9f2-b88e-47bb-83ae-a501148a081f','Indústrias/construção','2023-03-28 11:54:40.869 UTC','2023-03-28 11:54:40.869 UTC','77d5c3b3-cf81-4c61-977b-a765c6b3093a'),
('905a433e-79ab-49ba-aaf5-2b033038d657','Local de prática esportiva','2023-03-28 11:54:40.869 UTC','2023-03-28 11:54:40.869 UTC','77d5c3b3-cf81-4c61-977b-a765c6b3093a');

-- InsertQuestions

INSERT INTO "public"."questions" ("id","content","created_at","updated_at","form_id","type")
VALUES
('05e4a26b-dbbb-4703-a77c-23493cff5879','PROCEDÊNCIA','2023-03-29 11:51:56.350 UTC','2023-03-29 11:51:56.350 UTC','0bf3c2d3-0250-4b97-9be6-f3fb71dd6d46','OBJECTIVE');

INSERT INTO "public"."answers" ("id","content","created_at","updated_at","question_id")
VALUES
('2a73d187-afd4-4ccc-937b-10c8d03fca94','Espontânea','2023-03-29 11:51:56.350 UTC','2023-03-29 11:51:56.350 UTC','05e4a26b-dbbb-4703-a77c-23493cff5879'),
('204d6860-2e21-42e5-ab4c-573621c9123e','RAM','2023-03-29 11:51:56.350 UTC','2023-03-29 11:51:56.350 UTC','05e4a26b-dbbb-4703-a77c-23493cff5879'),
('2404b741-bd65-4c1d-9bcd-150646a10b29','Outro Órgão','2023-03-29 11:51:56.350 UTC','2023-03-29 11:51:56.350 UTC','05e4a26b-dbbb-4703-a77c-23493cff5879'),
('b8dafaca-fe3c-4452-b61d-e7ab9dadd0f8','Atendimento remoto','2023-03-29 11:51:56.350 UTC','2023-03-29 11:51:56.350 UTC','05e4a26b-dbbb-4703-a77c-23493cff5879'),
('72774f45-48d0-414e-bc9d-e2daf207e6c5','Busca ativa','2023-03-29 11:51:56.350 UTC','2023-03-29 11:51:56.350 UTC','05e4a26b-dbbb-4703-a77c-23493cff5879'),
('4748432c-7be9-4770-9c84-221569c08178','Outras situações','2023-03-29 11:51:56.350 UTC','2023-03-29 11:51:56.350 UTC','05e4a26b-dbbb-4703-a77c-23493cff5879');

-- InsertQuestions

INSERT INTO "public"."questions" ("id","content","created_at","updated_at","form_id","type")
VALUES
('5f422008-5d02-417b-a945-d2bde32c2b8d','DADOS DE IDENTIFICAÇÃO','2023-03-29 11:56:58.500 UTC','2023-03-29 11:56:58.500 UTC','0bf3c2d3-0250-4b97-9be6-f3fb71dd6d46','OBJECTIVE');

INSERT INTO "public"."answers" ("id","content","created_at","updated_at","question_id")
VALUES
('896c9622-b1a7-44aa-86e2-611be535e8c6','ACOLHIMENTO','2023-03-29 11:56:58.500 UTC','2023-03-29 11:56:58.500 UTC','5f422008-5d02-417b-a945-d2bde32c2b8d'),
('7c129038-4cdc-418b-acb1-abd9c3b1fa03','REACOLHIMENTO','2023-03-29 11:56:58.500 UTC','2023-03-29 11:56:58.500 UTC','5f422008-5d02-417b-a945-d2bde32c2b8d'),
('914fb98b-06e8-4549-af22-9883e3678fda','ATENDIMENTO','2023-03-29 11:56:58.500 UTC','2023-03-29 11:56:58.500 UTC','5f422008-5d02-417b-a945-d2bde32c2b8d');

-- InsertQuestions

INSERT INTO "public"."questions" ("id","content","created_at","updated_at","form_id","type")
VALUES
('5e761d25-1968-42e0-b304-894d7656fcf4','PREENCHIMENTO','2023-04-01 17:01:50.136 UTC','2023-04-01 17:01:50.136 UTC','0bf3c2d3-0250-4b97-9be6-f3fb71dd6d46','OBJECTIVE');

-- InsertQuestions

INSERT INTO "public"."questions" ("id","content","created_at","updated_at","form_id","parent_id","type")
VALUES
('f7e23fdc-4cf3-4972-99f0-753cebca3ce0','Orientação sexual','2023-04-01 15:55:29.415 UTC','2023-04-01 15:55:29.415 UTC','0bf3c2d3-0250-4b97-9be6-f3fb71dd6d46','5e761d25-1968-42e0-b304-894d7656fcf4','OBJECTIVE');

INSERT INTO "public"."answers" ("id","content","created_at","updated_at","question_id")
VALUES
('7fcc5518-4c67-455a-a952-cb44c2b57905','Heterossexual','2023-04-01 15:55:29.415 UTC','2023-04-01 15:55:29.415 UTC','f7e23fdc-4cf3-4972-99f0-753cebca3ce0'),
('97e875d1-287d-4c0b-b9f4-8e6d51115f64','Bissexual','2023-04-01 15:55:29.415 UTC','2023-04-01 15:55:29.415 UTC','f7e23fdc-4cf3-4972-99f0-753cebca3ce0'),
('de5371f5-5d31-434f-a77e-4bcee1273559','Lésbica','2023-04-01 15:55:29.415 UTC','2023-04-01 15:55:29.415 UTC','f7e23fdc-4cf3-4972-99f0-753cebca3ce0'),
('5e55a29b-e07d-460d-b26e-87e8202ea038','Assexual','2023-04-01 15:55:29.415 UTC','2023-04-01 15:55:29.415 UTC','f7e23fdc-4cf3-4972-99f0-753cebca3ce0'),
('a2f74c7b-133b-49c6-9b23-ac0ef9c1e67d','Pansexual','2023-04-01 15:55:29.415 UTC','2023-04-01 15:55:29.415 UTC','f7e23fdc-4cf3-4972-99f0-753cebca3ce0'),
('4ac8f098-33c8-4b50-9023-ab6aa00642c1','Demissexual','2023-04-01 15:55:29.415 UTC','2023-04-01 15:55:29.415 UTC','f7e23fdc-4cf3-4972-99f0-753cebca3ce0'),
('9f50fdde-b40b-4a7c-8786-8c0a32889185','Ignorado','2023-04-01 15:55:29.415 UTC','2023-04-01 15:55:29.415 UTC','f7e23fdc-4cf3-4972-99f0-753cebca3ce0');

-- InsertQuestions

INSERT INTO "public"."questions" ("id","content","created_at","updated_at","form_id","parent_id","type")
VALUES
('7af6bd66-377c-456d-a40c-b4ea49965b84','Você é intersexo','2023-04-01 15:58:34.791 UTC','2023-04-01 15:58:34.791 UTC','0bf3c2d3-0250-4b97-9be6-f3fb71dd6d46','5e761d25-1968-42e0-b304-894d7656fcf4','OBJECTIVE');

INSERT INTO "public"."answers" ("id","content","created_at","updated_at","question_id")
VALUES
('0a97ae38-e107-4a9b-b574-5621723cc208','Sim','2023-04-01 15:58:34.791 UTC','2023-04-01 15:58:34.791 UTC','7af6bd66-377c-456d-a40c-b4ea49965b84'),
('0a3cff18-11a4-4b7f-8621-3579777641ec','Não','2023-04-01 15:58:34.791 UTC','2023-04-01 15:58:34.791 UTC','7af6bd66-377c-456d-a40c-b4ea49965b84'),
('aab2dffb-9c89-4177-8990-d6485e6aa857','Não soube responder','2023-04-01 15:58:34.791 UTC','2023-04-01 15:58:34.791 UTC','7af6bd66-377c-456d-a40c-b4ea49965b84');

-- InsertQuestions

INSERT INTO "public"."questions" ("id","content","created_at","updated_at","form_id","parent_id","type")
VALUES
('f0b7dd07-d588-4490-b25a-c0dd4242161d','Estado Civil','2023-04-01 16:00:58.371 UTC','2023-04-01 16:00:58.371 UTC','0bf3c2d3-0250-4b97-9be6-f3fb71dd6d46','5e761d25-1968-42e0-b304-894d7656fcf4','OBJECTIVE');

INSERT INTO "public"."answers" ("id","content","created_at","updated_at","question_id")
VALUES
('03c6ca40-4132-4876-8f21-b0ccbf9df02c','Casada','2023-04-01 16:00:58.371 UTC','2023-04-01 16:00:58.371 UTC','f0b7dd07-d588-4490-b25a-c0dd4242161d'),
('a8881be1-4c56-415a-843e-ac6be76ed8f6','Solteira','2023-04-01 16:00:58.371 UTC','2023-04-01 16:00:58.371 UTC','f0b7dd07-d588-4490-b25a-c0dd4242161d'),
('20ee6f49-c0be-41ce-80b3-57aed3a31441','Viúva','2023-04-01 16:00:58.371 UTC','2023-04-01 16:00:58.371 UTC','f0b7dd07-d588-4490-b25a-c0dd4242161d'),
('d4b6a781-0646-4ace-aab5-f9a23e19cf02','Separada','2023-04-01 16:00:58.371 UTC','2023-04-01 16:00:58.371 UTC','f0b7dd07-d588-4490-b25a-c0dd4242161d'),
('08706e04-7f66-4526-8d13-88274f26984c','Divorciada','2023-04-01 16:00:58.371 UTC','2023-04-01 16:00:58.371 UTC','f0b7dd07-d588-4490-b25a-c0dd4242161d'),
('794c673e-9cd5-4d14-bb1d-88ce4052741d','União Estável','2023-04-01 16:00:58.371 UTC','2023-04-01 16:00:58.371 UTC','f0b7dd07-d588-4490-b25a-c0dd4242161d');

-- InsertQuestions

INSERT INTO "public"."questions" ("id","content","created_at","updated_at","form_id","parent_id","type")
VALUES
('e57b0793-d0a4-4d43-b0c3-5b46386536ec','Escolaridade','2023-04-01 16:04:33.139 UTC','2023-04-01 16:04:33.139 UTC','0bf3c2d3-0250-4b97-9be6-f3fb71dd6d46','5e761d25-1968-42e0-b304-894d7656fcf4','OBJECTIVE');

INSERT INTO "public"."answers" ("id","content","created_at","updated_at","question_id")
VALUES
('3c219341-6f6a-4c31-bf66-4ba968e37999','Sem Escolaridade','2023-04-01 16:04:33.139 UTC','2023-04-01 16:04:33.139 UTC','e57b0793-d0a4-4d43-b0c3-5b46386536ec'),
('f758cd67-64a9-41d1-9233-903aa215068d','Ensino Fundamental Incompleto','2023-04-01 16:04:33.139 UTC','2023-04-01 16:04:33.139 UTC','e57b0793-d0a4-4d43-b0c3-5b46386536ec'),
('3e9f334a-cf57-40bf-b3e8-339495219cc0','Ensino Fundamental Completo','2023-04-01 16:04:33.139 UTC','2023-04-01 16:04:33.139 UTC','e57b0793-d0a4-4d43-b0c3-5b46386536ec'),
('73217a1a-e86f-4a49-ac17-83a448b0109c','Ensino Médio Incompleto','2023-04-01 16:04:33.139 UTC','2023-04-01 16:04:33.139 UTC','e57b0793-d0a4-4d43-b0c3-5b46386536ec'),
('ca500e94-ab52-43c8-b29a-d1fd3fa46683','Ensino Médio Completo','2023-04-01 16:04:33.139 UTC','2023-04-01 16:04:33.139 UTC','e57b0793-d0a4-4d43-b0c3-5b46386536ec'),
('42b5b24a-f414-43cf-8a84-952d5d5d2261','Ensino Superior Incompleto','2023-04-01 16:04:33.139 UTC','2023-04-01 16:04:33.139 UTC','e57b0793-d0a4-4d43-b0c3-5b46386536ec'),
('6a8e2dff-06f7-4d52-b243-d2e4b36b4818','Ensino Superior Completo','2023-04-01 16:04:33.139 UTC','2023-04-01 16:04:33.139 UTC','e57b0793-d0a4-4d43-b0c3-5b46386536ec'),
('1d584454-6b43-430e-a32b-b69e081dd27a','Curso Técnico','2023-04-01 16:04:33.139 UTC','2023-04-01 16:04:33.139 UTC','e57b0793-d0a4-4d43-b0c3-5b46386536ec'),
('8d74fca3-20f0-4823-bf2e-2d61252d1877','Pós-Graduação','2023-04-01 16:04:33.139 UTC','2023-04-01 16:04:33.139 UTC','e57b0793-d0a4-4d43-b0c3-5b46386536ec'),
('3abb5b63-cf58-42cb-a00d-52b7b064192b','Mestrado','2023-04-01 16:04:33.139 UTC','2023-04-01 16:04:33.139 UTC','e57b0793-d0a4-4d43-b0c3-5b46386536ec'),
('ee57f0b9-9bcd-4c64-8d68-8d92e19c9b4c','Outros','2023-04-01 16:04:33.139 UTC','2023-04-01 16:04:33.139 UTC','e57b0793-d0a4-4d43-b0c3-5b46386536ec');

-- InsertQuestions

INSERT INTO "public"."questions" ("id","content","created_at","updated_at","form_id","parent_id","type")
VALUES
('c5ef5b2e-c578-4e95-a52c-fcfd38347878','Participou de Algum Curso Profissionalizante','2023-04-01 16:07:54.889 UTC','2023-04-01 16:07:54.889 UTC','0bf3c2d3-0250-4b97-9be6-f3fb71dd6d46','5e761d25-1968-42e0-b304-894d7656fcf4','MULTIPLE');

INSERT INTO "public"."answers" ("id","content","created_at","updated_at","question_id")
VALUES
('d3b71d96-63da-4cb9-9dc8-d6facd3a597c','Sim','2023-04-01 16:07:54.889 UTC','2023-04-01 16:07:54.889 UTC','c5ef5b2e-c578-4e95-a52c-fcfd38347878'),
('e3c6ac1c-f333-494c-9370-e62d65693eae','Concluiu? SIM','2023-04-01 16:07:54.889 UTC','2023-04-01 16:07:54.889 UTC','c5ef5b2e-c578-4e95-a52c-fcfd38347878'),
('1353f59e-17f2-4d3e-b60c-d4fedf7c10dd','Concluiu? NÃO','2023-04-01 16:07:54.889 UTC','2023-04-01 16:07:54.889 UTC','c5ef5b2e-c578-4e95-a52c-fcfd38347878'),
('847e7544-922e-404e-8065-b1acd449cbd2','Não','2023-04-01 16:07:54.889 UTC','2023-04-01 16:07:54.889 UTC','c5ef5b2e-c578-4e95-a52c-fcfd38347878');

-- InsertQuestions

INSERT INTO "public"."questions" ("id","content","created_at","updated_at","form_id","parent_id","type")
VALUES
('581bd941-0e07-40f5-9cb8-9f342219cbdd','Possui interesse em fazer algum curso','2023-04-01 16:11:03.951 UTC','2023-04-01 16:11:03.951 UTC','0bf3c2d3-0250-4b97-9be6-f3fb71dd6d46','5e761d25-1968-42e0-b304-894d7656fcf4','OBJECTIVE');

INSERT INTO "public"."answers" ("id","content","created_at","updated_at","question_id")
VALUES
('f5609535-5519-4ed3-b4d0-7c70fd392306','Sim','2023-04-01 16:11:03.951 UTC','2023-04-01 16:11:03.951 UTC','581bd941-0e07-40f5-9cb8-9f342219cbdd'),
('88187f91-63bb-4ac8-bfa5-6da8105a2d5d','Não','2023-04-01 16:11:03.951 UTC','2023-04-01 16:11:03.951 UTC','581bd941-0e07-40f5-9cb8-9f342219cbdd');

-- InsertQuestions

INSERT INTO "public"."questions" ("id","content","created_at","updated_at","form_id","parent_id","type")
VALUES
('c41a7cac-64a2-4f93-a2f1-c0882ce9b6e3','Empregabilidade','2023-04-01 16:13:52.804 UTC','2023-04-01 16:13:52.804 UTC','0bf3c2d3-0250-4b97-9be6-f3fb71dd6d46','5e761d25-1968-42e0-b304-894d7656fcf4','OBJECTIVE');

INSERT INTO "public"."answers" ("id","content","created_at","updated_at","question_id")
VALUES
('38d1d879-318b-4655-a1d3-616f2cc6d00b','Emprego formal (contrato/carteira assinada)','2023-04-01 16:13:52.804 UTC','2023-04-01 16:13:52.804 UTC','c41a7cac-64a2-4f93-a2f1-c0882ce9b6e3'),
('59753827-26a4-4c10-bc45-5db39f1ebd73','Emprego informal/autônomo (Profissional prestador de serviço sem vínculo empregatício)','2023-04-01 16:13:52.804 UTC','2023-04-01 16:13:52.804 UTC','c41a7cac-64a2-4f93-a2f1-c0882ce9b6e3'),
('2e1bd7fc-bc79-4d20-becc-2d5b67696b30','MEI (com CNPJ)','2023-04-01 16:13:52.804 UTC','2023-04-01 16:13:52.804 UTC','c41a7cac-64a2-4f93-a2f1-c0882ce9b6e3'),
('7c2d0e8d-75b8-42fc-90e8-383fa6721211','Aposentada','2023-04-01 16:13:52.804 UTC','2023-04-01 16:13:52.804 UTC','c41a7cac-64a2-4f93-a2f1-c0882ce9b6e3'),
('bd1d35df-b7a7-4529-8936-a2bc52f1fa21','Servidora publica','2023-04-01 16:13:52.804 UTC','2023-04-01 16:13:52.804 UTC','c41a7cac-64a2-4f93-a2f1-c0882ce9b6e3'),
('52fe00a8-5632-420a-a287-031c98f4be2e','Desempregada','2023-04-01 16:13:52.804 UTC','2023-04-01 16:13:52.804 UTC','c41a7cac-64a2-4f93-a2f1-c0882ce9b6e3');

-- InsertQuestions

INSERT INTO "public"."questions" ("id","content","created_at","updated_at","form_id","parent_id","type")
VALUES
('661c21bc-d678-44c8-9056-9e130ccbf8db','Renda Individual','2023-04-01 16:16:52.253 UTC','2023-04-01 16:16:52.253 UTC','0bf3c2d3-0250-4b97-9be6-f3fb71dd6d46','5e761d25-1968-42e0-b304-894d7656fcf4','OBJECTIVE');

INSERT INTO "public"."answers" ("id","content","created_at","updated_at","question_id")
VALUES
('71580a18-87d9-449b-a3d5-c9a2882f8372','Não Possui Renda','2023-04-01 16:16:52.253 UTC','2023-04-01 16:16:52.253 UTC','661c21bc-d678-44c8-9056-9e130ccbf8db'),
('38ee6752-8f9e-4ef5-9dcc-a3ead1c483c6','Menor que um salário mínimo','2023-04-01 16:16:52.253 UTC','2023-04-01 16:16:52.253 UTC','661c21bc-d678-44c8-9056-9e130ccbf8db'),
('69b4eef2-9643-404c-9e45-61cdec3a1b2f','Salário Mínimo','2023-04-01 16:16:52.253 UTC','2023-04-01 16:16:52.253 UTC','661c21bc-d678-44c8-9056-9e130ccbf8db'),
('01e71f6c-9e9a-40ed-9c44-0b6298fb3bf3','1 salário mínimo','2023-04-01 16:16:52.253 UTC','2023-04-01 16:16:52.253 UTC','661c21bc-d678-44c8-9056-9e130ccbf8db'),
('81a3b26c-acc0-4e5f-9c9d-a9785eceb8f4','2 a 5 Salários Mínimos','2023-04-01 16:16:52.253 UTC','2023-04-01 16:16:52.253 UTC','661c21bc-d678-44c8-9056-9e130ccbf8db'),
('0ce17387-16a8-44db-9e1d-07c1c8237845','Não declarou','2023-04-01 16:16:52.253 UTC','2023-04-01 16:16:52.253 UTC','661c21bc-d678-44c8-9056-9e130ccbf8db');

-- InsertQuestions

INSERT INTO "public"."questions" ("id","content","created_at","updated_at","form_id","parent_id","type")
VALUES
('5c71337f-62b9-4451-8959-9d90bd75c51f','Escolaridade do cônjuge','2023-04-01 16:26:31.527 UTC','2023-04-01 16:26:31.527 UTC','0bf3c2d3-0250-4b97-9be6-f3fb71dd6d46','5e761d25-1968-42e0-b304-894d7656fcf4','OBJECTIVE');

INSERT INTO "public"."answers" ("id","content","created_at","updated_at","question_id")
VALUES
('3d2a9415-b22d-4888-9171-8cdffff806ab','Sem Escolaridade','2023-04-01 16:26:31.527 UTC','2023-04-01 16:26:31.527 UTC','5c71337f-62b9-4451-8959-9d90bd75c51f'),
('dd919093-58bb-4444-a8fa-2abd69f595ab','Ensino Fundamental Incompleto','2023-04-01 16:26:31.527 UTC','2023-04-01 16:26:31.527 UTC','5c71337f-62b9-4451-8959-9d90bd75c51f'),
('3b5b9b79-c9a6-42b3-aa8c-5406fcf094cd','Ensino Fundamental Completo','2023-04-01 16:26:31.527 UTC','2023-04-01 16:26:31.527 UTC','5c71337f-62b9-4451-8959-9d90bd75c51f'),
('89a0b81d-40a6-474d-8880-9ebc651f53a4','Ensino Médio Incompleto','2023-04-01 16:26:31.527 UTC','2023-04-01 16:26:31.527 UTC','5c71337f-62b9-4451-8959-9d90bd75c51f'),
('a8891721-c42d-4df0-843b-cdab1296e099','Ensino Médio Completo','2023-04-01 16:26:31.527 UTC','2023-04-01 16:26:31.527 UTC','5c71337f-62b9-4451-8959-9d90bd75c51f'),
('fa1c2e9c-6569-4c4d-92aa-655e0dd7408e','Ensino Superior Incompleto','2023-04-01 16:26:31.527 UTC','2023-04-01 16:26:31.527 UTC','5c71337f-62b9-4451-8959-9d90bd75c51f'),
('74778531-24eb-46e2-b606-1415fed2477a','Ensino Superior Completo','2023-04-01 16:26:31.527 UTC','2023-04-01 16:26:31.527 UTC','5c71337f-62b9-4451-8959-9d90bd75c51f'),
('7cfeae55-3d36-4e00-9bf0-ed4b12e1f6b1','Curso Técnico','2023-04-01 16:26:31.527 UTC','2023-04-01 16:26:31.527 UTC','5c71337f-62b9-4451-8959-9d90bd75c51f'),
('ad673d99-660b-4300-96f5-167df9503445','Pós-Graduação','2023-04-01 16:26:31.527 UTC','2023-04-01 16:26:31.527 UTC','5c71337f-62b9-4451-8959-9d90bd75c51f'),
('d7024a7b-cdb4-4b18-9d4f-aacc8fb72362','Mestrado','2023-04-01 16:26:31.527 UTC','2023-04-01 16:26:31.527 UTC','5c71337f-62b9-4451-8959-9d90bd75c51f'),
('dd3eef7d-8a70-417f-9349-5bb794d0b5d3','Outros','2023-04-01 16:26:31.527 UTC','2023-04-01 16:26:31.527 UTC','5c71337f-62b9-4451-8959-9d90bd75c51f');

-- InsertQuestions

INSERT INTO "public"."questions" ("id","content","created_at","updated_at","form_id","parent_id","type")
VALUES
('3a772644-3198-4aea-9f4d-bf73d83facf4','Empregabilidade do cônjuge','2023-04-01 16:30:33.470 UTC','2023-04-01 16:30:33.470 UTC','0bf3c2d3-0250-4b97-9be6-f3fb71dd6d46','5e761d25-1968-42e0-b304-894d7656fcf4','OBJECTIVE');

INSERT INTO "public"."answers" ("id","content","created_at","updated_at","question_id")
VALUES
('b687e92e-0bf9-449a-beb5-ea03e9c8bca7','Emprego formal (contrato/carteira assinada)','2023-04-01 16:30:33.470 UTC','2023-04-01 16:30:33.470 UTC','3a772644-3198-4aea-9f4d-bf73d83facf4'),
('1d4baede-3c17-4f56-881d-49e9afce15fc','Emprego informal/autônomo (Profissional prestador de serviço sem vínculo empregatício)','2023-04-01 16:30:33.470 UTC','2023-04-01 16:30:33.470 UTC','3a772644-3198-4aea-9f4d-bf73d83facf4'),
('f5e0cac5-e8a1-478d-8cca-0d38fb0dc05c','MEI (com CNPJ)','2023-04-01 16:30:33.470 UTC','2023-04-01 16:30:33.470 UTC','3a772644-3198-4aea-9f4d-bf73d83facf4'),
('4925cd97-8a78-4026-a4ea-c92978b37425','Aposentado','2023-04-01 16:30:33.470 UTC','2023-04-01 16:30:33.470 UTC','3a772644-3198-4aea-9f4d-bf73d83facf4'),
('73c0d7a2-541a-40cb-8a33-6ff250a829d3','Servidor publico','2023-04-01 16:30:33.470 UTC','2023-04-01 16:30:33.470 UTC','3a772644-3198-4aea-9f4d-bf73d83facf4'),
('90c3255d-e4b3-483a-bf7c-de0eaed5b4bf','Desempregado','2023-04-01 16:30:33.470 UTC','2023-04-01 16:30:33.470 UTC','3a772644-3198-4aea-9f4d-bf73d83facf4');

-- InsertQuestions

INSERT INTO "public"."questions" ("id","content","created_at","updated_at","form_id","parent_id","type")
VALUES
('fe24e835-1353-4450-9c97-cf6dbfcec47e','Renda Individual do cônjuge','2023-04-01 16:33:57.138 UTC','2023-04-01 16:33:57.138 UTC','0bf3c2d3-0250-4b97-9be6-f3fb71dd6d46','5e761d25-1968-42e0-b304-894d7656fcf4','OBJECTIVE');

INSERT INTO "public"."answers" ("id","content","created_at","updated_at","question_id")
VALUES
('b73d82e7-a954-42e8-80dc-26b6c623b454','Não Possui Renda','2023-04-01 16:33:57.138 UTC','2023-04-01 16:33:57.138 UTC','fe24e835-1353-4450-9c97-cf6dbfcec47e'),
('df91e290-6b6d-4bec-9962-8a5569a84a70','Menor que um salário mínimo','2023-04-01 16:33:57.138 UTC','2023-04-01 16:33:57.138 UTC','fe24e835-1353-4450-9c97-cf6dbfcec47e'),
('0bf04430-d35a-40d1-8f55-d076e9b49e43','Salário Mínimo','2023-04-01 16:33:57.138 UTC','2023-04-01 16:33:57.138 UTC','fe24e835-1353-4450-9c97-cf6dbfcec47e'),
('a75501fe-17ff-45cf-87d6-cd088a92c8f6','1 salário mínimo','2023-04-01 16:33:57.138 UTC','2023-04-01 16:33:57.138 UTC','fe24e835-1353-4450-9c97-cf6dbfcec47e'),
('2853d2dc-e8fc-4198-adc6-29f0d0bd85d5','2 a 5 Salários Mínimos','2023-04-01 16:33:57.138 UTC','2023-04-01 16:33:57.138 UTC','fe24e835-1353-4450-9c97-cf6dbfcec47e'),
('e33e9e61-b157-48e1-8924-147d969e14cb','Não declarou','2023-04-01 16:33:57.138 UTC','2023-04-01 16:33:57.138 UTC','fe24e835-1353-4450-9c97-cf6dbfcec47e');

-- InsertQuestions

INSERT INTO "public"."questions" ("id","content","created_at","updated_at","form_id","type")
VALUES
('d66a339b-bf99-40c6-a224-b011939c4a84','AUTOR (A) DA VIOLÊNCIA\VINCULO COM O AGRESSOR','2023-04-01 19:39:10.441 UTC','2023-04-01 19:39:10.441 UTC','0bf3c2d3-0250-4b97-9be6-f3fb71dd6d46','OBJECTIVE');

INSERT INTO "public"."answers" ("id","content","created_at","updated_at","question_id")
VALUES
('62f2bc4e-5508-409f-bea7-6abae34a2295','Marido/Esposa','2023-04-01 19:39:10.441 UTC','2023-04-01 19:39:10.441 UTC','d66a339b-bf99-40c6-a224-b011939c4a84'),
('26354477-b955-42b7-8bb2-965d4b86e0ce','Namorado (a)','2023-04-01 19:39:10.441 UTC','2023-04-01 19:39:10.441 UTC','d66a339b-bf99-40c6-a224-b011939c4a84'),
('e30d7f1a-1795-4d45-80fd-47ef57d07555','Companheiro (a)','2023-04-01 19:39:10.441 UTC','2023-04-01 19:39:10.441 UTC','d66a339b-bf99-40c6-a224-b011939c4a84'),
('c54bd94d-d335-4dda-8f73-eda680cf3102','Ex- Marido/Ex-Esposa','2023-04-01 19:39:10.441 UTC','2023-04-01 19:39:10.441 UTC','d66a339b-bf99-40c6-a224-b011939c4a84'),
('1cc972c1-6c65-45a6-8486-92f1ce5e1d4c','Ex- Namorado (a)','2023-04-01 19:39:10.441 UTC','2023-04-01 19:39:10.441 UTC','d66a339b-bf99-40c6-a224-b011939c4a84'),
('6b3bf140-f33c-4624-ab2e-07ecb9c8dc89','Ex- Companheiro(a)','2023-04-01 19:39:10.441 UTC','2023-04-01 19:39:10.441 UTC','d66a339b-bf99-40c6-a224-b011939c4a84'),
('26a7cf5a-f868-4fdc-be8e-86ff4f53675a','Empregador','2023-04-01 19:39:10.441 UTC','2023-04-01 19:39:10.441 UTC','d66a339b-bf99-40c6-a224-b011939c4a84'),
('e1370191-c6b3-4562-af48-a248b20dd165','Familiar','2023-04-01 19:39:10.441 UTC','2023-04-01 19:39:10.441 UTC','d66a339b-bf99-40c6-a224-b011939c4a84'),
('ba2c6687-f681-478d-8c15-1d02df48dd5d','Sem vínculo','2023-04-01 19:39:10.441 UTC','2023-04-01 19:39:10.441 UTC','d66a339b-bf99-40c6-a224-b011939c4a84');

-- InsertQuestions

INSERT INTO "public"."questions" ("id","content","created_at","updated_at","form_id","parent_id","type")
VALUES
('f86aca1b-d38a-40b3-88df-1d471b228e6a','POTENCIALIZADORES DA VIOLÊNCIA','2023-04-01 19:44:52.472 UTC','2023-04-01 19:44:52.472 UTC','0bf3c2d3-0250-4b97-9be6-f3fb71dd6d46','d66a339b-bf99-40c6-a224-b011939c4a84','OBJECTIVE');

INSERT INTO "public"."answers" ("id","content","created_at","updated_at","question_id")
VALUES
('ac291ac6-3a77-4632-8543-90b0a4d52f00','Traição','2023-04-01 19:44:52.472 UTC','2023-04-01 19:44:52.472 UTC','f86aca1b-d38a-40b3-88df-1d471b228e6a'),
('4fbd917d-c3a9-470d-86c9-5eaca2c3ea4d','Ciúmes','2023-04-01 19:44:52.472 UTC','2023-04-01 19:44:52.472 UTC','f86aca1b-d38a-40b3-88df-1d471b228e6a'),
('e6ec489a-41c7-43a8-a658-138caa785a94','Conflito Familiar','2023-04-01 19:44:52.472 UTC','2023-04-01 19:44:52.472 UTC','f86aca1b-d38a-40b3-88df-1d471b228e6a'),
('42212db3-f699-4287-8fa7-a66cccd2489a','Álcool','2023-04-01 19:44:52.472 UTC','2023-04-01 19:44:52.472 UTC','f86aca1b-d38a-40b3-88df-1d471b228e6a'),
('e2bc7e48-4e93-4cef-8ff8-1c86484efbae','Drogas','2023-04-01 19:44:52.472 UTC','2023-04-01 19:44:52.472 UTC','f86aca1b-d38a-40b3-88df-1d471b228e6a'),
('a27e206c-8fd8-48a4-8dcc-6b53848eec31','Sexismo','2023-04-01 19:44:52.472 UTC','2023-04-01 19:44:52.472 UTC','f86aca1b-d38a-40b3-88df-1d471b228e6a'),
('4ac50ac9-c4d1-4d53-90c3-c6bb9de0426a','Lesbofobia','2023-04-01 19:44:52.472 UTC','2023-04-01 19:44:52.472 UTC','f86aca1b-d38a-40b3-88df-1d471b228e6a'),
('bf54ba69-6854-40b2-a810-d07bf359f1e4','Bifobia','2023-04-01 19:44:52.472 UTC','2023-04-01 19:44:52.472 UTC','f86aca1b-d38a-40b3-88df-1d471b228e6a'),
('9b465f27-a11a-47c4-998b-ccc0cf3937ad','Transfobia','2023-04-01 19:44:52.472 UTC','2023-04-01 19:44:52.472 UTC','f86aca1b-d38a-40b3-88df-1d471b228e6a'),
('f21cfe41-4dd7-4b9b-a2ab-2c1dab8e8583','Racismo','2023-04-01 19:44:52.472 UTC','2023-04-01 19:44:52.472 UTC','f86aca1b-d38a-40b3-88df-1d471b228e6a'),
('bf75b015-aa97-4ebb-8b44-c6943af8469f','Intolerância Religiosa','2023-04-01 19:44:52.472 UTC','2023-04-01 19:44:52.472 UTC','f86aca1b-d38a-40b3-88df-1d471b228e6a'),
('4dd99b8a-d450-445b-bda5-e41721a6a72f','Xenofobia','2023-04-01 19:44:52.472 UTC','2023-04-01 19:44:52.472 UTC','f86aca1b-d38a-40b3-88df-1d471b228e6a'),
('6de70a0e-21cc-437d-bb25-a5d3a9a87a38','Conflito Geracional','2023-04-01 19:44:52.472 UTC','2023-04-01 19:44:52.472 UTC','f86aca1b-d38a-40b3-88df-1d471b228e6a'),
('dc2214c1-698c-4183-b184-6a5a3796b5e7','Situação de rua','2023-04-01 19:44:52.472 UTC','2023-04-01 19:44:52.472 UTC','f86aca1b-d38a-40b3-88df-1d471b228e6a'),
('00962b96-ae3d-42d8-812f-b410c4477428','Outros','2023-04-01 19:44:52.472 UTC','2023-04-01 19:44:52.472 UTC','f86aca1b-d38a-40b3-88df-1d471b228e6a');

-- InsertQuestions

INSERT INTO "public"."questions" ("id","content","created_at","updated_at","form_id","type")
VALUES
('79274e1d-3f8d-4e03-8945-4977c69cfa9d','TIPOLOGIA DA VIOLÊNCIA','2023-04-01 19:50:16.301 UTC','2023-04-01 19:50:16.301 UTC','0bf3c2d3-0250-4b97-9be6-f3fb71dd6d46','OBJECTIVE');

INSERT INTO "public"."answers" ("id","content","created_at","updated_at","question_id")
VALUES
('18cdd01f-0568-419a-bb01-0397e8150414','Física','2023-04-01 19:50:16.301 UTC','2023-04-01 19:50:16.301 UTC','79274e1d-3f8d-4e03-8945-4977c69cfa9d'),
('c6215aea-fee4-4867-a141-fa34b3fe5993','Psicológica/Emocional','2023-04-01 19:50:16.301 UTC','2023-04-01 19:50:16.301 UTC','79274e1d-3f8d-4e03-8945-4977c69cfa9d'),
('f596be88-6b8b-4c71-8013-be5ee06c0b40','Sexual/Estupro','2023-04-01 19:50:16.301 UTC','2023-04-01 19:50:16.301 UTC','79274e1d-3f8d-4e03-8945-4977c69cfa9d'),
('b4501809-c8a5-4aa4-93b9-6df3c0b869b1','Sexual/situação matrimonial','2023-04-01 19:50:16.301 UTC','2023-04-01 19:50:16.301 UTC','79274e1d-3f8d-4e03-8945-4977c69cfa9d'),
('bbc743ba-5460-46a7-8b6a-8930b65e1998','Patrimonial','2023-04-01 19:50:16.301 UTC','2023-04-01 19:50:16.301 UTC','79274e1d-3f8d-4e03-8945-4977c69cfa9d'),
('a5570f09-8f07-48f7-9fb3-4d242c674bd7','Moral','2023-04-01 19:50:16.301 UTC','2023-04-01 19:50:16.301 UTC','79274e1d-3f8d-4e03-8945-4977c69cfa9d'),
('acb7739e-1d1f-451d-ba28-9b9d1a95b4a3','Institucional','2023-04-01 19:50:16.301 UTC','2023-04-01 19:50:16.301 UTC','79274e1d-3f8d-4e03-8945-4977c69cfa9d'),
('3f4d49a1-053f-4dd3-ab64-1e854434411a','Virtual','2023-04-01 19:50:16.301 UTC','2023-04-01 19:50:16.301 UTC','79274e1d-3f8d-4e03-8945-4977c69cfa9d'),
('cc805a7f-8fc9-4fdd-a7e8-ab3f3f842825','Outros','2023-04-01 19:50:16.301 UTC','2023-04-01 19:50:16.301 UTC','79274e1d-3f8d-4e03-8945-4977c69cfa9d');

-- InsertQuestions

INSERT INTO "public"."questions" ("id","content","created_at","updated_at","form_id","parent_id","type")
VALUES
('912c158e-437f-4b82-98aa-21c5a3e95e67','Vínculo com o Agressor (a)','2023-04-01 19:54:56.464 UTC','2023-04-01 19:54:56.464 UTC','0bf3c2d3-0250-4b97-9be6-f3fb71dd6d46','79274e1d-3f8d-4e03-8945-4977c69cfa9d','OBJECTIVE');

INSERT INTO "public"."answers" ("id","content","created_at","updated_at","question_id")
VALUES
('b52a5fee-4ecb-4739-8be2-ab3d9f720963','Cônjuge/Companheiro(a)/Namorado (a)','2023-04-01 19:54:56.464 UTC','2023-04-01 19:54:56.464 UTC','912c158e-437f-4b82-98aa-21c5a3e95e67'),
('fd3ff528-6201-4c5a-968d-23a345f7cd94','Ex Cônjuge/Companheiro(a)/Namorado (a)','2023-04-01 19:54:56.464 UTC','2023-04-01 19:54:56.464 UTC','912c158e-437f-4b82-98aa-21c5a3e95e67'),
('05ce5eb9-7a01-4cae-81bb-7664d9416484','Empregador','2023-04-01 19:54:56.464 UTC','2023-04-01 19:54:56.464 UTC','912c158e-437f-4b82-98aa-21c5a3e95e67'),
('f9074c74-41a0-4f45-bf30-6341289936cd','Familiar','2023-04-01 19:54:56.464 UTC','2023-04-01 19:54:56.464 UTC','912c158e-437f-4b82-98aa-21c5a3e95e67'),
('b72e61f8-04ab-4ffc-8ff6-63ca049b1090','Sem Vínculo','2023-04-01 19:54:56.464 UTC','2023-04-01 19:54:56.464 UTC','912c158e-437f-4b82-98aa-21c5a3e95e67'),
('68f91a5d-6510-4839-9e07-be91803568dd','Outros','2023-04-01 19:54:56.464 UTC','2023-04-01 19:54:56.464 UTC','912c158e-437f-4b82-98aa-21c5a3e95e67');

-- InsertQuestions

INSERT INTO "public"."questions" ("id","content","created_at","updated_at","form_id","parent_id","type")
VALUES
('51c596fa-57ea-4958-a359-7a70f6d143a9','Ocorreu outras vezes','2023-04-01 19:57:49.614 UTC','2023-04-01 19:57:49.614 UTC','0bf3c2d3-0250-4b97-9be6-f3fb71dd6d46','79274e1d-3f8d-4e03-8945-4977c69cfa9d','OBJECTIVE');

INSERT INTO "public"."answers" ("id","content","created_at","updated_at","question_id")
VALUES
('e367ce47-0309-426f-b29c-c15e6b2f589c','Sim','2023-04-01 19:57:49.614 UTC','2023-04-01 19:57:49.614 UTC','51c596fa-57ea-4958-a359-7a70f6d143a9'),
('aa98bd45-9552-4b6f-acf9-8d3d2174c61b','Não','2023-04-01 19:57:49.614 UTC','2023-04-01 19:57:49.614 UTC','51c596fa-57ea-4958-a359-7a70f6d143a9');

-- InsertQuestions

INSERT INTO "public"."questions" ("id","content","created_at","updated_at","form_id","parent_id","type")
VALUES
('ece2fe44-5e8a-4104-837c-a518e88bd06d','Com o mesmo agressor','2023-04-01 19:59:59.897 UTC','2023-04-01 19:59:59.897 UTC','0bf3c2d3-0250-4b97-9be6-f3fb71dd6d46','79274e1d-3f8d-4e03-8945-4977c69cfa9d','OBJECTIVE');

INSERT INTO "public"."answers" ("id","content","created_at","updated_at","question_id")
VALUES
('f26a902f-add2-45c6-8bd0-aae76e4d305a','Sim','2023-04-01 19:59:59.897 UTC','2023-04-01 19:59:59.897 UTC','ece2fe44-5e8a-4104-837c-a518e88bd06d'),
('450118e5-abd5-45bf-bf06-eaea665d4145','Não','2023-04-01 19:59:59.897 UTC','2023-04-01 19:59:59.897 UTC','ece2fe44-5e8a-4104-837c-a518e88bd06d');

-- InsertQuestions

INSERT INTO "public"."questions" ("id","content","created_at","updated_at","form_id","parent_id","type")
VALUES
('97d7ce71-b755-407f-9c84-03933c60cc13','Local de Ocorrência','2023-04-01 20:04:07.023 UTC','2023-04-01 20:04:07.023 UTC','0bf3c2d3-0250-4b97-9be6-f3fb71dd6d46','79274e1d-3f8d-4e03-8945-4977c69cfa9d','OBJECTIVE');

INSERT INTO "public"."answers" ("id","content","created_at","updated_at","question_id")
VALUES
('b95339ce-487a-422c-a01e-e311110b0b23','Residência','2023-04-01 20:04:07.023 UTC','2023-04-01 20:04:07.023 UTC','97d7ce71-b755-407f-9c84-03933c60cc13'),
('0c5f0743-ca3e-4a7a-9df6-37f41baa1474','Trabalho','2023-04-01 20:04:07.023 UTC','2023-04-01 20:04:07.023 UTC','97d7ce71-b755-407f-9c84-03933c60cc13'),
('1d27fd0c-228c-4fc8-9c1f-4873516d8362','Via Pública','2023-04-01 20:04:07.023 UTC','2023-04-01 20:04:07.023 UTC','97d7ce71-b755-407f-9c84-03933c60cc13'),
('36f99a42-7c4f-4eae-b652-e3ed2c92a24b','Escola','2023-04-01 20:04:07.023 UTC','2023-04-01 20:04:07.023 UTC','97d7ce71-b755-407f-9c84-03933c60cc13'),
('6f1d430a-e162-4e06-a1e9-3c8097e3bcc9','Habitação Coletiva','2023-04-01 20:04:07.023 UTC','2023-04-01 20:04:07.023 UTC','97d7ce71-b755-407f-9c84-03933c60cc13'),
('cf9e36be-e7fc-41ad-8090-3bc107256191','Bar ou Similar','2023-04-01 20:04:07.023 UTC','2023-04-01 20:04:07.023 UTC','97d7ce71-b755-407f-9c84-03933c60cc13'),
('262a20ac-c32d-4ee3-97b8-49f81e8b91be','Comércio/Serviços','2023-04-01 20:04:07.023 UTC','2023-04-01 20:04:07.023 UTC','97d7ce71-b755-407f-9c84-03933c60cc13'),
('c9e3a8a3-e33a-4e35-9866-bc90ddc964e3','Indústrias/Construção','2023-04-01 20:04:07.023 UTC','2023-04-01 20:04:07.023 UTC','97d7ce71-b755-407f-9c84-03933c60cc13');

-- InsertQuestions

INSERT INTO "public"."questions" ("id","content","created_at","updated_at","form_id","type")
VALUES
('0339ee53-043d-4350-bb26-f43e88483561','COMPOSIÇÃO FAMILIAR','2023-04-01 20:08:09.281 UTC','2023-04-01 20:08:09.281 UTC','0bf3c2d3-0250-4b97-9be6-f3fb71dd6d46','OBJECTIVE');

-- InsertQuestions

INSERT INTO "public"."questions" ("id","content","created_at","updated_at","form_id","parent_id","type")
VALUES
('7e7fd847-2eb0-4345-bcfa-34a1422f7bae','Condições de Moradia','2023-04-01 20:10:11.553 UTC','2023-04-01 20:10:11.553 UTC','0bf3c2d3-0250-4b97-9be6-f3fb71dd6d46','0339ee53-043d-4350-bb26-f43e88483561','OBJECTIVE');

INSERT INTO "public"."answers" ("id","content","created_at","updated_at","question_id")
VALUES
('845b67fb-5d7b-48e6-bfa4-11039aa70fc0','Casa Própria','2023-04-01 20:10:11.553 UTC','2023-04-01 20:10:11.553 UTC','7e7fd847-2eb0-4345-bcfa-34a1422f7bae'),
('4bb87d67-4fe2-40a1-9d2b-9ea1f32dd9c7','Alugada','2023-04-01 20:10:11.553 UTC','2023-04-01 20:10:11.553 UTC','7e7fd847-2eb0-4345-bcfa-34a1422f7bae'),
('5e338098-a3d3-4db5-8f36-f76bf46c753b','Cedida','2023-04-01 20:10:11.553 UTC','2023-04-01 20:10:11.553 UTC','7e7fd847-2eb0-4345-bcfa-34a1422f7bae'),
('94ce0638-aa80-4d4f-9dd2-213f269a51c2','Agregada','2023-04-01 20:10:11.553 UTC','2023-04-01 20:10:11.553 UTC','7e7fd847-2eb0-4345-bcfa-34a1422f7bae'),
('7d2c2dcc-c14b-4acd-b2ff-29c686da8ed3','Invadida','2023-04-01 20:10:11.553 UTC','2023-04-01 20:10:11.553 UTC','7e7fd847-2eb0-4345-bcfa-34a1422f7bae');

-- InsertQuestions

INSERT INTO "public"."questions" ("id","content","created_at","updated_at","form_id","parent_id","type")
VALUES
('7f523b09-9820-492a-a361-042bb25f3f65','Tipo de construção','2023-04-01 20:13:54.202 UTC','2023-04-01 20:13:54.202 UTC','0bf3c2d3-0250-4b97-9be6-f3fb71dd6d46','0339ee53-043d-4350-bb26-f43e88483561','OBJECTIVE');

INSERT INTO "public"."answers" ("id","content","created_at","updated_at","question_id")
VALUES
('d301bc35-883d-4838-820d-e42339183ae9','Alvenaria','2023-04-01 20:13:54.202 UTC','2023-04-01 20:13:54.202 UTC','7f523b09-9820-492a-a361-042bb25f3f65'),
('fa0ef1d3-ce50-44c8-bb23-aadee505b094','Madeira','2023-04-01 20:13:54.202 UTC','2023-04-01 20:13:54.202 UTC','7f523b09-9820-492a-a361-042bb25f3f65'),
('184b980c-316b-410c-ae71-59eb188aea2c','Mista','2023-04-01 20:13:54.202 UTC','2023-04-01 20:13:54.202 UTC','7f523b09-9820-492a-a361-042bb25f3f65'),
('95b53f51-ae0d-49aa-8717-a9b32efcdd32','Outros','2023-04-01 20:13:54.202 UTC','2023-04-01 20:13:54.202 UTC','7f523b09-9820-492a-a361-042bb25f3f65');

-- InsertQuestions

INSERT INTO "public"."questions" ("id","content","created_at","updated_at","form_id","parent_id","type")
VALUES
('8aff109d-7ca2-483a-a563-6f44980ecbbe','Destinação de Lixo','2023-04-01 20:17:42.948 UTC','2023-04-01 20:17:42.948 UTC','0bf3c2d3-0250-4b97-9be6-f3fb71dd6d46','0339ee53-043d-4350-bb26-f43e88483561','OBJECTIVE');

INSERT INTO "public"."answers" ("id","content","created_at","updated_at","question_id")
VALUES
('8df41bf6-fe80-4a2c-be9d-d13ace24e001','Coletado','2023-04-01 20:17:42.948 UTC','2023-04-01 20:17:42.948 UTC','8aff109d-7ca2-483a-a563-6f44980ecbbe'),
('a7513d42-cdcc-4289-b6fb-0865b9272c11','Queimado','2023-04-01 20:17:42.948 UTC','2023-04-01 20:17:42.948 UTC','8aff109d-7ca2-483a-a563-6f44980ecbbe'),
('ea655ba7-06e6-45f8-ad02-552e13676541','Enterrado','2023-04-01 20:17:42.948 UTC','2023-04-01 20:17:42.948 UTC','8aff109d-7ca2-483a-a563-6f44980ecbbe'),
('4420df08-20bb-43ce-a6d2-44b2f68ea41b','Reciclagem','2023-04-01 20:17:42.948 UTC','2023-04-01 20:17:42.948 UTC','8aff109d-7ca2-483a-a563-6f44980ecbbe'),
('a8bdbe64-42dd-47d7-a074-58d289510eba','Outros','2023-04-01 20:17:42.948 UTC','2023-04-01 20:17:42.948 UTC','8aff109d-7ca2-483a-a563-6f44980ecbbe');

-- InsertQuestions

INSERT INTO "public"."questions" ("id","content","created_at","updated_at","form_id","parent_id","type")
VALUES
('926a5bd5-d9e0-49e6-a135-6698ac0246f1','Iluminação','2023-04-01 20:35:25.808 UTC','2023-04-01 20:35:25.808 UTC','0bf3c2d3-0250-4b97-9be6-f3fb71dd6d46','0339ee53-043d-4350-bb26-f43e88483561','OBJECTIVE');

INSERT INTO "public"."answers" ("id","content","created_at","updated_at","question_id")
VALUES
('85d27c5b-add0-4f0c-8e72-b3d0a301e9a3','Companhia Elétrica /Cea','2023-04-01 20:35:25.808 UTC','2023-04-01 20:35:25.808 UTC','926a5bd5-d9e0-49e6-a135-6698ac0246f1'),
('a9d56029-ab96-4430-890a-7f7f11a57292','Clandestino','2023-04-01 20:35:25.808 UTC','2023-04-01 20:35:25.808 UTC','926a5bd5-d9e0-49e6-a135-6698ac0246f1'),
('ded9a66b-aa3f-4259-8c46-f464f264fbbf','Outros','2023-04-01 20:35:25.808 UTC','2023-04-01 20:35:25.808 UTC','926a5bd5-d9e0-49e6-a135-6698ac0246f1');

-- InsertQuestions

INSERT INTO "public"."questions" ("id","content","created_at","updated_at","form_id","parent_id","type")
VALUES
('08df2a42-0ce7-42fc-9f70-78a9ba143258','Abastecimento de Água','2023-04-01 20:38:52.035 UTC','2023-04-01 20:38:52.035 UTC','0bf3c2d3-0250-4b97-9be6-f3fb71dd6d46','0339ee53-043d-4350-bb26-f43e88483561','OBJECTIVE');

INSERT INTO "public"."answers" ("id","content","created_at","updated_at","question_id")
VALUES
('11358bd1-ca94-4bfa-b522-f9790cc21519','Caesa','2023-04-01 20:38:52.035 UTC','2023-04-01 20:38:52.035 UTC','08df2a42-0ce7-42fc-9f70-78a9ba143258'),
('283c80ff-4d4a-471d-bf66-8d7d72bf896a','Clandestino','2023-04-01 20:38:52.035 UTC','2023-04-01 20:38:52.035 UTC','08df2a42-0ce7-42fc-9f70-78a9ba143258'),
('b52a2a3c-3933-4473-a8cb-41981967621a','Poço Artesiano','2023-04-01 20:38:52.035 UTC','2023-04-01 20:38:52.035 UTC','08df2a42-0ce7-42fc-9f70-78a9ba143258'),
('087ee09f-cd55-4328-a663-12eebc45c703','Poço Amazonas','2023-04-01 20:38:52.035 UTC','2023-04-01 20:38:52.035 UTC','08df2a42-0ce7-42fc-9f70-78a9ba143258');

-- InsertQuestions

INSERT INTO "public"."questions" ("id","content","created_at","updated_at","form_id","parent_id","type")
VALUES
('6a95036a-a0b5-4b56-9383-a328d7eea927','Esgotamento Sanitário','2023-04-01 20:42:44.425 UTC','2023-04-01 20:42:44.425 UTC','0bf3c2d3-0250-4b97-9be6-f3fb71dd6d46','0339ee53-043d-4350-bb26-f43e88483561','OBJECTIVE');

INSERT INTO "public"."answers" ("id","content","created_at","updated_at","question_id")
VALUES
('9bc1eed9-e784-4022-bc0c-ed3d2c63947d','Caesa','2023-04-01 20:42:44.425 UTC','2023-04-01 20:42:44.425 UTC','6a95036a-a0b5-4b56-9383-a328d7eea927'),
('426b0e6a-bac6-48b2-be86-9f226112c835','Fossa Séptica','2023-04-01 20:42:44.425 UTC','2023-04-01 20:42:44.425 UTC','6a95036a-a0b5-4b56-9383-a328d7eea927'),
('b56fe1b2-0c1d-4a69-b26e-6c82a55f078e','Fossa Céu Aberto','2023-04-01 20:42:44.425 UTC','2023-04-01 20:42:44.425 UTC','6a95036a-a0b5-4b56-9383-a328d7eea927'),
('511f6f58-8195-4fdd-bd66-1e942983187d','Fossa Seca','2023-04-01 20:42:44.425 UTC','2023-04-01 20:42:44.425 UTC','6a95036a-a0b5-4b56-9383-a328d7eea927');

-- InsertQuestions

INSERT INTO "public"."questions" ("id","content","created_at","updated_at","form_id","parent_id","type")
VALUES
('8747f842-9280-476c-8f1d-788d13b6b45b','Terreno','2023-04-01 20:46:25.783 UTC','2023-04-01 20:46:25.783 UTC','0bf3c2d3-0250-4b97-9be6-f3fb71dd6d46','0339ee53-043d-4350-bb26-f43e88483561','OBJECTIVE');

INSERT INTO "public"."answers" ("id","content","created_at","updated_at","question_id")
VALUES
('fa91c126-7bf6-4bed-9291-28bd4e26c277','Alagado','2023-04-01 20:46:25.783 UTC','2023-04-01 20:46:25.783 UTC','8747f842-9280-476c-8f1d-788d13b6b45b'),
('82762ba4-8d50-45c1-bca0-6110557e8107','Aterrado Firme','2023-04-01 20:46:25.783 UTC','2023-04-01 20:46:25.783 UTC','8747f842-9280-476c-8f1d-788d13b6b45b'),
('4943861e-1bc2-49cb-8af9-feb5a0c88aa1','Invasão','2023-04-01 20:46:25.783 UTC','2023-04-01 20:46:25.783 UTC','8747f842-9280-476c-8f1d-788d13b6b45b'),
('de0b22e7-f2ac-42b3-9900-0c75c97bb77b','Assentamento','2023-04-01 20:46:25.783 UTC','2023-04-01 20:46:25.783 UTC','8747f842-9280-476c-8f1d-788d13b6b45b');

-- InsertQuestions

INSERT INTO "public"."questions" ("id","content","created_at","updated_at","form_id","parent_id","type")
VALUES
('c934ae27-9845-4203-aefe-3c70293b5173','Participa de Programa de Assistência','2023-04-01 20:48:56.394 UTC','2023-04-01 20:48:56.394 UTC','0bf3c2d3-0250-4b97-9be6-f3fb71dd6d46','0339ee53-043d-4350-bb26-f43e88483561','OBJECTIVE');

INSERT INTO "public"."answers" ("id","content","created_at","updated_at","question_id")
VALUES
('01df792c-b7d4-4f40-9e9b-a90063f4466f','Sim','2023-04-01 20:48:56.394 UTC','2023-04-01 20:48:56.394 UTC','c934ae27-9845-4203-aefe-3c70293b5173'),
('41a8ac47-57e3-4483-8968-9fec9a501fad','Não','2023-04-01 20:48:56.394 UTC','2023-04-01 20:48:56.394 UTC','c934ae27-9845-4203-aefe-3c70293b5173');

-- InsertQuestions

INSERT INTO "public"."questions" ("id","content","created_at","updated_at","form_id","parent_id","type")
VALUES
('a0445502-f082-4996-8c42-60eb8f0a7955','Pessoa com Deficiência','2023-04-01 20:52:37.472 UTC','2023-04-01 20:52:37.472 UTC','0bf3c2d3-0250-4b97-9be6-f3fb71dd6d46','0339ee53-043d-4350-bb26-f43e88483561','OBJECTIVE');

INSERT INTO "public"."answers" ("id","content","created_at","updated_at","question_id")
VALUES
('c09048a1-7c57-4d68-a142-90e15783d213','Sim','2023-04-01 20:52:37.472 UTC','2023-04-01 20:52:37.472 UTC','a0445502-f082-4996-8c42-60eb8f0a7955'),
('7863bc4b-1073-4db3-815a-79869e9b4f5e','Não','2023-04-01 20:52:37.472 UTC','2023-04-01 20:52:37.472 UTC','a0445502-f082-4996-8c42-60eb8f0a7955');

-- InsertQuestions

INSERT INTO "public"."questions" ("id","content","created_at","updated_at","form_id","parent_id","type")
VALUES
('838096c6-aa82-4227-be0d-72b8d3d90c75','Recebe benefício','2023-04-01 20:54:41.724 UTC','2023-04-01 20:54:41.724 UTC','0bf3c2d3-0250-4b97-9be6-f3fb71dd6d46','0339ee53-043d-4350-bb26-f43e88483561','OBJECTIVE');

INSERT INTO "public"."answers" ("id","content","created_at","updated_at","question_id")
VALUES
('883c13ea-8b03-49e0-9cea-73c750fbc48f','Sim','2023-04-01 20:54:41.724 UTC','2023-04-01 20:54:41.724 UTC','838096c6-aa82-4227-be0d-72b8d3d90c75'),
('0ae86910-d32f-42d6-b9af-a42375baa1ab','Não','2023-04-01 20:54:41.724 UTC','2023-04-01 20:54:41.724 UTC','838096c6-aa82-4227-be0d-72b8d3d90c75');

-- InsertQuestions

INSERT INTO "public"."questions" ("id","content","created_at","updated_at","form_id","parent_id","type")
VALUES
('8557764e-6a35-4716-83d1-d6e2f50ff615','Deficiência Permanente','2023-04-01 20:56:14.330 UTC','2023-04-01 20:56:14.330 UTC','0bf3c2d3-0250-4b97-9be6-f3fb71dd6d46','0339ee53-043d-4350-bb26-f43e88483561','OBJECTIVE');

INSERT INTO "public"."answers" ("id","content","created_at","updated_at","question_id")
VALUES
('0c4158c1-ab30-4243-b418-223b87840333','Sim','2023-04-01 20:56:14.330 UTC','2023-04-01 20:56:14.330 UTC','8557764e-6a35-4716-83d1-d6e2f50ff615'),
('a47f3216-cb24-4c4b-814d-974640722dea','Não','2023-04-01 20:56:14.330 UTC','2023-04-01 20:56:14.330 UTC','8557764e-6a35-4716-83d1-d6e2f50ff615');

-- InsertQuestions

INSERT INTO "public"."questions" ("id","content","created_at","updated_at","form_id","parent_id","type")
VALUES
('42065565-3f66-4ad4-a0da-cfd2c0a4f06f','Usuária de Cadeira de Rodas','2023-04-01 20:57:33.393 UTC','2023-04-01 20:57:33.393 UTC','0bf3c2d3-0250-4b97-9be6-f3fb71dd6d46','0339ee53-043d-4350-bb26-f43e88483561','OBJECTIVE');

INSERT INTO "public"."answers" ("id","content","created_at","updated_at","question_id")
VALUES
('460bae76-3b2c-418c-96f5-2ed6eca56e70','Sim','2023-04-01 20:57:33.393 UTC','2023-04-01 20:57:33.393 UTC','42065565-3f66-4ad4-a0da-cfd2c0a4f06f'),
('81f78da3-3b07-4c64-9900-f4dde7c60a6f','Não','2023-04-01 20:57:33.393 UTC','2023-04-01 20:57:33.393 UTC','42065565-3f66-4ad4-a0da-cfd2c0a4f06f');

-- InsertQuestions

INSERT INTO "public"."questions" ("id","content","created_at","updated_at","form_id","parent_id","type")
VALUES
('558d9f50-f9c8-4e13-84be-648569ab65ad','Mapeamento de Risco Social Básico','2023-04-01 21:00:11.354 UTC','2023-04-01 21:00:11.354 UTC','0bf3c2d3-0250-4b97-9be6-f3fb71dd6d46','0339ee53-043d-4350-bb26-f43e88483561','OBJECTIVE');

INSERT INTO "public"."answers" ("id","content","created_at","updated_at","question_id")
VALUES
('2fe491b1-fe01-4094-a383-cab8ebb11a17','Apenado(a)','2023-04-01 21:00:11.354 UTC','2023-04-01 21:00:11.354 UTC','558d9f50-f9c8-4e13-84be-648569ab65ad'),
('a2b2b8f8-d761-4401-b8e9-bf4e0728c5d6','Egresso(a) do sistema prisional','2023-04-01 21:00:11.354 UTC','2023-04-01 21:00:11.354 UTC','558d9f50-f9c8-4e13-84be-648569ab65ad'),
('718f9b4e-5c63-42e5-827c-01647877fe9b','Menores em conflito com a Lei','2023-04-01 21:00:11.354 UTC','2023-04-01 21:00:11.354 UTC','558d9f50-f9c8-4e13-84be-648569ab65ad'),
('ce29bebc-3b4a-4a4c-8956-04b8c080705d','Dependente de drogas','2023-04-01 21:00:11.354 UTC','2023-04-01 21:00:11.354 UTC','558d9f50-f9c8-4e13-84be-648569ab65ad'),
('7bf30544-ae4a-4583-97c8-95ec428d6dba','Alcoolismo','2023-04-01 21:00:11.354 UTC','2023-04-01 21:00:11.354 UTC','558d9f50-f9c8-4e13-84be-648569ab65ad'),
('60323034-0270-47f5-adaf-e9897078457a','Tabagismo','2023-04-01 21:00:11.354 UTC','2023-04-01 21:00:11.354 UTC','558d9f50-f9c8-4e13-84be-648569ab65ad'),
('bd0a9b52-b0b3-4fcf-8f8c-1456727c541d','Morador(a) de rua','2023-04-01 21:00:11.354 UTC','2023-04-01 21:00:11.354 UTC','558d9f50-f9c8-4e13-84be-648569ab65ad'),
('b45d09ca-4899-408a-8a53-e8d9dc3d52f7','Outros','2023-04-01 21:00:11.354 UTC','2023-04-01 21:00:11.354 UTC','558d9f50-f9c8-4e13-84be-648569ab65ad');

-- InsertQuestions

INSERT INTO "public"."questions" ("id","content","created_at","updated_at","form_id","type")
VALUES
('dbdb51f1-cf7c-4b1c-8e17-9ee106ddc439','ATENDIMENTO MULTIPROFISSIONAL','2023-04-01 21:03:25.943 UTC','2023-04-01 21:03:25.943 UTC','0bf3c2d3-0250-4b97-9be6-f3fb71dd6d46','OBJECTIVE');

INSERT INTO "public"."answers" ("id","content","created_at","updated_at","question_id")
VALUES
('dc5abaca-c55e-4af3-808d-3a2704344011','Assistente Social','2023-04-01 21:03:25.943 UTC','2023-04-01 21:03:25.943 UTC','dbdb51f1-cf7c-4b1c-8e17-9ee106ddc439'),
('2dbddc5d-a7c3-426f-b8dd-073bd5a6b445','Psicóloga','2023-04-01 21:03:25.943 UTC','2023-04-01 21:03:25.943 UTC','dbdb51f1-cf7c-4b1c-8e17-9ee106ddc439'),
('7860ac28-2abb-4535-b834-4e29e449ca13','Assistente Jurídico','2023-04-01 21:03:25.943 UTC','2023-04-01 21:03:25.943 UTC','dbdb51f1-cf7c-4b1c-8e17-9ee106ddc439'),
('833d27e3-cacd-4341-85ce-11de93c21a84','Enfermeiro','2023-04-01 21:03:25.943 UTC','2023-04-01 21:03:25.943 UTC','dbdb51f1-cf7c-4b1c-8e17-9ee106ddc439'),
('34219ec5-c6ec-4946-84d6-5bd465b256ee','Fonoaudióloga','2023-04-01 21:03:25.943 UTC','2023-04-01 21:03:25.943 UTC','dbdb51f1-cf7c-4b1c-8e17-9ee106ddc439'),
('fda01fe3-4afb-4de5-9466-3eae323bc945','Fisioterapeuta','2023-04-01 21:03:25.943 UTC','2023-04-01 21:03:25.943 UTC','dbdb51f1-cf7c-4b1c-8e17-9ee106ddc439'),
('6d81e695-957f-46f3-a463-6ebd42bb42d9','Pedagoga/Oficinais','2023-04-01 21:03:25.943 UTC','2023-04-01 21:03:25.943 UTC','dbdb51f1-cf7c-4b1c-8e17-9ee106ddc439'),
('9f98fb74-14fe-43c8-b987-4d2d261b5f0a','Sociólogo','2023-04-01 21:03:25.943 UTC','2023-04-01 21:03:25.943 UTC','dbdb51f1-cf7c-4b1c-8e17-9ee106ddc439');
